{
  "num_classes": 26,
  "images_evaluated": 1380,
  "metrics_all": {
    "pixel_accuracy": 0.9310350981925896,
    "mean_iou": 0.6194424450072537,
    "mean_dice": 0.7401386073151246,
    "mean_accuracy": 0.674248492503873,
    "per_class_iou": [
      0.7618828164891069,
      0.8749209131494461,
      0.7661295175678384,
      0.5390449135746804,
      0.0,
      0.3919510061242173,
      0.7398013652097936,
      0.0,
      0.0,
      0.0,
      0.0,
      0.0,
      0.0,
      0.9444881445203169,
      0.6532669746265073,
      0.7895245257179186,
      0.2559769167353633,
      0.8656721250021298,
      0.0,
      0.5945525101282626,
      0.4413507651892353,
      0.0,
      0.0,
      0.0,
      0.4527580021301636,
      0.22031617894382408
    ],
    "per_class_dice": [
      0.8648507260060645,
      0.9332883398049845,
      0.8675802198503381,
      0.7004927651171161,
      0.0,
      0.5631678189817547,
      0.850443481656407,
      0.0,
      0.0,
      0.0,
      0.0,
      0.0,
      0.0,
      0.9714516873573548,
      0.7902740267029021,
      0.8823846942261698,
      0.4076140466032118,
      0.9280002776491519,
      0.0,
      0.745729609218624,
      0.6124127115321443,
      0.0,
      0.0,
      0.0,
      0.6233082199048835,
      0.3610804851157613
    ],
    "per_class_accuracy": [
      0.8386639683265753,
      0.9220003578703959,
      0.9001494987664059,
      0.5490669610782869,
      0.0,
      0.39315489249669183,
      0.7637432369247186,
      0.0,
      0.0,
      0.0,
      0.0,
      0.0,
      0.0,
      0.9785026934350577,
      0.9488402747361833,
      0.7956930281277915,
      0.25622335304634497,
      0.9253861566484516,
      0.0,
      0.5975618353876401,
      0.45380592678675175,
      0.0,
      0.0,
      0.0,
      0.4805086636424474,
      0.31042654028435285
    ],
    "valid_classes": [
      0,
      1,
      2,
      3,
      5,
      6,
      13,
      14,
      15,
      16,
      17,
      19,
      20,
      24,
      25
    ]
  },
  "metrics_no_bg": {
    "pixel_accuracy": 0.9310350981925896,
    "mean_iou": 0.6092681327585499,
    "mean_dice": 0.7312305988372003,
    "mean_accuracy": 0.6625045299451086,
    "per_class_iou": [
      0.7618828164891069,
      0.8749209131494461,
      0.7661295175678384,
      0.5390449135746804,
      0.0,
      0.3919510061242173,
      0.7398013652097936,
      0.0,
      0.0,
      0.0,
      0.0,
      0.0,
      0.0,
      0.9444881445203169,
      0.6532669746265073,
      0.7895245257179186,
      0.2559769167353633,
      0.8656721250021298,
      0.0,
      0.5945525101282626,
      0.4413507651892353,
      0.0,
      0.0,
      0.0,
      0.4527580021301636,
      0.22031617894382408
    ],
    "per_class_dice": [
      0.8648507260060645,
      0.9332883398049845,
      0.8675802198503381,
      0.7004927651171161,
      0.0,
      0.5631678189817547,
      0.850443481656407,
      0.0,
      0.0,
      0.0,
      0.0,
      0.0,
      0.0,
      0.9714516873573548,
      0.7902740267029021,
      0.8823846942261698,
      0.4076140466032118,
      0.9280002776491519,
      0.0,
      0.745729609218624,
      0.6124127115321443,
      0.0,
      0.0,
      0.0,
      0.6233082199048835,
      0.3610804851157613
    ],
    "per_class_accuracy": [
      0.8386639683265753,
      0.9220003578703959,
      0.9001494987664059,
      0.5490669610782869,
      0.0,
      0.39315489249669183,
      0.7637432369247186,
      0.0,
      0.0,
      0.0,
      0.0,
      0.0,
      0.0,
      0.9785026934350577,
      0.9488402747361833,
      0.7956930281277915,
      0.25622335304634497,
      0.9253861566484516,
      0.0,
      0.5975618353876401,
      0.45380592678675175,
      0.0,
      0.0,
      0.0,
      0.4805086636424474,
      0.31042654028435285
    ],
    "valid_classes": [
      1,
      2,
      3,
      5,
      6,
      13,
      14,
      15,
      16,
      17,
      19,
      20,
      24,
      25
    ]
  },